"Reference","Qty","Value","DNP","Exclude from BOM","Exclude from Board","Exclude from Simulation","Exclude from Position Files","Footprint","Datasheet"
"C1","1","1000uF","","","","","${EXCLUDE_FROM_POS_FILES}","Capacitor_SMD:CP_Elec_10x10.5",""
"C2","1","470uF","","","","","${EXCLUDE_FROM_POS_FILES}","Capacitor_SMD:CP_Elec_8x10.5",""
"C3,C7","2","22uF","","","","","${EXCLUDE_FROM_POS_FILES}","Capacitor_SMD:C_0805_2012Metric_Pad1.18x1.45mm_HandSolder",""
"C4,C5,C8,C11,C12,C13,C14,C17,C22,C23,C24,C25,C26,C27,C28,C29,C30,C31,C32","19","100nF","","","","","${EXCLUDE_FROM_POS_FILES}","Capacitor_SMD:C_0805_2012Metric_Pad1.18x1.45mm_HandSolder",""
"C6","1","100uF","","","","","${EXCLUDE_FROM_POS_FILES}","Capacitor_SMD:CP_Elec_6.3x5.4",""
"C9","1","22uF","","","","","${EXCLUDE_FROM_POS_FILES}","Capacitor_SMD:CP_Elec_4x5.4",""
"C10","1","180uF","","","","","${EXCLUDE_FROM_POS_FILES}","Capacitor_SMD:CP_Elec_8x10",""
"C15","1","220nF","","","","","${EXCLUDE_FROM_POS_FILES}","Capacitor_SMD:C_0805_2012Metric_Pad1.18x1.45mm_HandSolder",""
"C16,C20,C21","3","2.2uF","","","","","${EXCLUDE_FROM_POS_FILES}","Capacitor_SMD:C_0805_2012Metric_Pad1.18x1.45mm_HandSolder",""
"C18,C19","2","22pF","","","","","${EXCLUDE_FROM_POS_FILES}","Capacitor_SMD:C_0805_2012Metric_Pad1.18x1.45mm_HandSolder",""
"C33,C35","2","1uF","","","","","${EXCLUDE_FROM_POS_FILES}","Capacitor_SMD:C_0805_2012Metric_Pad1.18x1.45mm_HandSolder",""
"C34","1","10nF","","","","","${EXCLUDE_FROM_POS_FILES}","Capacitor_SMD:C_0805_2012Metric_Pad1.18x1.45mm_HandSolder",""
"D1","1","D_TVS","","","","","${EXCLUDE_FROM_POS_FILES}","Diode_SMD:D_SMB_Handsoldering",""
"D2","1","SS14","","","","","${EXCLUDE_FROM_POS_FILES}","Diode_SMD:D_SMA","https://www.vishay.com/docs/88746/ss12.pdf"
"D3,D4,D5","3","LED","","","","","${EXCLUDE_FROM_POS_FILES}","LED_SMD:LED_0805_2012Metric_Pad1.15x1.40mm_HandSolder",""
"D6","1","SM712_SOT23","","","","","${EXCLUDE_FROM_POS_FILES}","Package_TO_SOT_SMD:SOT-23","https://www.littelfuse.com/~/media/electronics/datasheets/tvs_diode_arrays/littelfuse_tvs_diode_array_sm712_datasheet.pdf.pdf"
"F1","1","Fuse","","","","","${EXCLUDE_FROM_POS_FILES}","Fuse:Fuse_1206_3216Metric",""
"J1","1","Screw_Terminal_01x02","","","","","${EXCLUDE_FROM_POS_FILES}","TerminalBlock_Phoenix:TerminalBlock_Phoenix_MKDS-1,5-2-5.08_1x02_P5.08mm_Horizontal",""
"J2","1","Conn_01x30_Pin","","","","","${EXCLUDE_FROM_POS_FILES}","Connector_PinHeader_2.54mm:PinHeader_1x30_P2.54mm_Vertical",""
"J3","1","Screw_Terminal_01x02","","","","","${EXCLUDE_FROM_POS_FILES}","TerminalBlock_Phoenix:TerminalBlock_Phoenix_PT-1,5-2-3.5-H_1x02_P3.50mm_Horizontal",""
"J4,J5,J6,J8","4","Conn_01x04_Pin","","","","","${EXCLUDE_FROM_POS_FILES}","Connector_PinHeader_2.54mm:PinHeader_1x04_P2.54mm_Vertical",""
"J7","1","Conn_01x02_Pin","","","","","${EXCLUDE_FROM_POS_FILES}","Connector_PinHeader_2.54mm:PinHeader_1x02_P2.54mm_Vertical",""
"J9","1","Screw_Terminal_01x03","","","","","${EXCLUDE_FROM_POS_FILES}","TerminalBlock_Phoenix:TerminalBlock_Phoenix_PT-1,5-3-3.5-H_1x03_P3.50mm_Horizontal",""
"L1","1","68uH","","","","","${EXCLUDE_FROM_POS_FILES}","Inductor_SMD:L_0805_2012Metric_Pad1.05x1.20mm_HandSolder",""
"R1,R3,R4,R5","4","10K","","","","","${EXCLUDE_FROM_POS_FILES}","Resistor_SMD:R_0805_2012Metric_Pad1.20x1.40mm_HandSolder",""
"R2,R6,R8,R9,R10","5","120","","","","","${EXCLUDE_FROM_POS_FILES}","Resistor_SMD:R_0805_2012Metric_Pad1.20x1.40mm_HandSolder",""
"R7","1","3K","","","","","${EXCLUDE_FROM_POS_FILES}","Resistor_SMD:R_0805_2012Metric_Pad1.20x1.40mm_HandSolder",""
"SW1,SW2,SW3","3","SW_Push","","","","","${EXCLUDE_FROM_POS_FILES}","Button_Switch_SMD:SW_Tactile_SPST_NO_Straight_CK_PTS636Sx25SMTRLFS",""
"U1","1","AMS1117-3.3","","","","","${EXCLUDE_FROM_POS_FILES}","Package_TO_SOT_SMD:SOT-223-3_TabPin2","http://www.advanced-monolithic.com/pdf/ds1117.pdf"
"U2","1","XL1509-5.0","","","","","${EXCLUDE_FROM_POS_FILES}","Package_SO:SOIC-8_3.9x4.9mm_P1.27mm","https://datasheet.lcsc.com/lcsc/1809050422_XLSEMI-XL1509-5-0E1_C61063.pdf"
"U3","1","ESP32-WROOM-32D","","","","","${EXCLUDE_FROM_POS_FILES}","RF_Module:ESP32-WROOM-32D","https://www.espressif.com/sites/default/files/documentation/esp32-wroom-32d_esp32-wroom-32u_datasheet_en.pdf"
"U4","1","SN65HVD230","","","","","${EXCLUDE_FROM_POS_FILES}","Package_SO:SOIC-8_3.9x4.9mm_P1.27mm","http://www.ti.com/lit/ds/symlink/sn65hvd230.pdf"
"U5","1","STM32F723ZETx","","","","","${EXCLUDE_FROM_POS_FILES}","Package_QFP:LQFP-144_20x20mm_P0.5mm","https://www.st.com/resource/en/datasheet/stm32f723ze.pdf"
"U6","1","MAX3485","","","","","${EXCLUDE_FROM_POS_FILES}","Package_SO:SOIC-8_3.9x4.9mm_P1.27mm","https://datasheets.maximintegrated.com/en/ds/MAX3483-MAX3491.pdf"
"Y1","1","8Mhz","","","","","${EXCLUDE_FROM_POS_FILES}","Crystal:Crystal_HC49-U_Vertical",""
